Player,Role,Team ID,Credit,Players_Link,Match,Runs Scored,Balls Played,Out,Bat SR,50,100,fours_Scored,six_Scored,Bat_Dot%,Overs_Bowled,Runs_Given,Wickets_Taken,Econ,Bowl_Avg,Bowl_SR,5W,fours_Given,six_Given,Bowl_Dot%,next_SR,next_runs,next_balls,next_overs,next_runs_given,next_wkts,next_runs_ll_95,next_runs_ul_95,next_balls_ll_95,next_balls_ul_95,next_overs_ll_95,next_overs_ul_95,next_runs_given_ll_95,next_runs_given_ul_95,next_wkts_ll_95,next_wkts_ul_95
S Dhawan,Batsman,PBKS,9,https://www.punjabkingsipl.in/static-assets/images/players/3722.png?v=5.91,smat2022_131,37,27,1,137,0,0,7,0,44.4,0,0,0,0,0,0,0,0,0,0,137.5,33,24,0,0,0,27,38,21,28,0,0,0,0,0,0
JM Bairstow,WK,PBKS,8,https://bcciplayerimages.s3.ap-south-1.amazonaws.com/ipl/IPLHeadshot2024/216.png,t20blast2023_002,7,6,1,116.7,0,0,1,0,50,0,0,0,0,0,0,0,0,0,0,133.3333333,32,24,0,0,0,22,41,20,29,0,0,0,0,0,0
RR Rossouw,Batsman,PBKS,7,https://bcciplayerimages.s3.ap-south-1.amazonaws.com/ipl/IPLHeadshot2024/1426.png,t20blast2022_132,23,20,1,115,0,0,1,2,50,0,0,0,0,0,0,0,0,0,0,173.3333333,26,15,0,0,0,23,29,13,17,0,0,0,0,0,0
A Taide,Batsman,PBKS,6.5,https://www.punjabkingsipl.in/static-assets/images/players/67910.png?v=5.91,smat2022_135,29,22,1,131.8,0,0,3,1,40.9,0,0,0,0,0,0,0,0,0,0,116.6666667,21,18,1,3,0,11,31,12,24,0,0,2,4,0,0
Harpreet Singh,Batsman,PBKS,6,https://www.iplt20.com/assets/images/default-headshot.png,smat2023_094,34,27,1,125.9,0,0,4,0,25.9,0,0,0,0,0,0,0,0,0,0,100,1,1,0,0,0,1,15,1,11,0,0,0,0,0,0
Shashank Singh,Batsman,PBKS,5,https://bcciplayerimages.s3.ap-south-1.amazonaws.com/ipl/IPLHeadshot2024/191.png,smat2023_094,28,22,1,127.3,0,0,1,1,18.2,1,11,0,11,0,0,0,1,0,0,0,0,0,0,0,1,1,15,1,10,0,0,-3,3,1,1
Arshdeep Singh,Bowler,PBKS,8.5,https://www.punjabkingsipl.in/static-assets/images/players/67905.png?v=5.91,smat2023_135,0,0,0,0,0,0,0,0,0,4,23,4,5.75,5.8,6,0,1,0,50,0,0,1,1,28,3,1,1,1,1,1,1,25,31,3,4
K Rabada,Bowler,PBKS,8.5,https://www.punjabkingsipl.in/static-assets/images/players/63611.png?v=5.91,sat20_2024_28,1,2,1,50,0,0,0,0,50,4,24,1,6,24,24,0,1,1,45.8,150,3,2,1,27,3,2,3,1,3,1,1,25,29,3,3
HV Patel,Bowler,PBKS,8,https://www.punjabkingsipl.in/static-assets/images/players/5407.png?v=5.91,smat2023_076,30,26,1,115.4,0,0,4,0,53.8,0,0,0,0,0,0,0,0,0,0,113.3333333,17,15,1,13,1,14,21,13,17,0,1,10,16,1,2
NT Ellis,Bowler,PBKS,7.5,https://bcciplayerimages.s3.ap-south-1.amazonaws.com/ipl/IPLHeadshot2024/633.png,t20blast2023_131,0,0,0,0,0,0,0,0,0,2.3,27,1,10.8,27,15,0,1,3,40,100,2,2,1,31,3,1,3,1,3,1,1,29,33,3,4
RD Chahar,Bowler,PBKS,7,https://www.punjabkingsipl.in/static-assets/images/players/66823.png?v=5.91,smat2022_061,8,4,0,200,0,0,0,1,25,3,26,0,8.67,0,0,0,2,1,22.2,100,7,7,1,29,3,7,8,7,8,1,1,27,31,3,4
Harpreet Brar,Bowler,PBKS,6.5,https://bcciplayerimages.s3.ap-south-1.amazonaws.com/ipl/IPLHeadshot2024/130.png,smat2023_135,0,0,0,0,0,0,0,0,0,4,35,1,8.75,35,24,0,2,2,33.3,200,4,2,1,24,3,1,6,1,4,1,1,21,28,3,3
T Thyagarajan,Bowler,PBKS,5,https://bcciplayerimages.s3.ap-south-1.amazonaws.com/ipl/IPLHeadshot2024/1491.png,smat2023_069,0,0,0,0,0,0,0,0,0,4,21,1,5.25,21,24,0,1,1,45.8,100,2,2,0,0,0,1,11,1,10,-1,1,-5,5,1,0
SM Curran,AR,PBKS,8.5,https://www.punjabkingsipl.in/static-assets/images/players/65584.png?v=5.91,t20blast2023_132,5,10,1,50,0,0,0,0,50,4,32,1,8,32,24,0,3,0,29.2,127.2727273,14,11,1,27,3,11,18,9,13,1,1,25,29,3,3
LS Livingstone,AR,PBKS,8,https://www.punjabkingsipl.in/static-assets/images/players/63940.png?v=5.911,t20blast2023_127,7,13,1,53.8,0,0,1,0,69.2,2,22,1,11,22,12,0,1,1,25,145.4545455,32,22,1,20,2,29,35,20,24,0,1,18,22,2,2
Sikandar Raza,AR,PBKS,7.5,https://www.punjabkingsipl.in/static-assets/images/players/25422.png?v=5.91,psl2024_28,6,5,0,120,0,0,1,0,60,4,32,0,8,0,0,0,1,1,29.2,118.1818182,13,11,1,12,2,9,16,9,14,0,1,10,15,2,2
CR Woakes,AR,PBKS,7,https://bcciplayerimages.s3.ap-south-1.amazonaws.com/ipl/IPLHeadshot2024/314.png,t20blast2023_105,0,0,0,0,0,0,0,0,0,4,28,1,7,28,24,0,1,1,50,100,7,7,1,27,3,5,9,6,9,0,1,23,30,3,3
R Dhawan,AR,PBKS,6.5,https://bcciplayerimages.s3.ap-south-1.amazonaws.com/ipl/IPLHeadshot2024/996.png,smat2022_136,1,3,1,33.3,0,0,0,0,66.7,3.3,26,2,7.43,13,10.5,0,3,1,52.4,0,0,0,2,22,3,1,5,1,5,1,2,18,26,2,4
JM Sharma,WK,PBKS,7.5,https://www.punjabkingsipl.in/static-assets/images/players/64724.png?v=5.91,smat2022_135,46,24,0,191.7,0,0,3,3,16.7,0,0,0,0,0,0,0,0,0,0,175,21,12,0,0,0,16,26,9,15,0,0,0,0,0,0
Prabhsimran Singh,Batsman,PBKS,7,https://www.punjabkingsipl.in/static-assets/images/players/70222.png?v=5.91,smat2023_135,9,7,1,128.6,0,0,0,1,42.9,0,0,0,0,0,0,0,0,0,0,85.71428571,6,7,0,0,0,1,15,2,12,0,0,0,0,0,0
V Kohli,Batsman,RCB,9,https://bcciplayerimages.s3.ap-south-1.amazonaws.com/ipl/IPLHeadshot2023/2.png,ipl2024_06,77,49,1,157.1,1,0,11,2,38.8,0,0,0,0,0,0,0,0,0,0,154.5454545,34,22,0,0,0,29,40,19,26,0,0,0,0,0,0
F du Plessis,Batsman,RCB,8.5,https://bcciplayerimages.s3.ap-south-1.amazonaws.com/ipl/IPLHeadshot2023/94.png,t20blast2019_123,32,21,1,152.4,0,0,1,2,9.5,0,0,0,0,0,0,0,0,0,0,141.6666667,34,24,0,0,0,29,38,22,27,0,0,0,0,0,0
RM Patidar,Batsman,RCB,7,https://www.iplt20.com/assets/images/default-headshot.png,smat2023_108,50,30,1,166.7,1,0,2,4,23.3,0,0,0,0,0,0,0,0,0,0,120,24,20,0,0,0,9,39,11,28,0,0,0,0,0,0
Mahipal Lomaror,Batsman,RCB,7,https://bcciplayerimages.s3.ap-south-1.amazonaws.com/ipl/IPLHeadshot2024/184.png,smat2023_108,50,30,1,166.7,1,0,2,4,23.3,0,0,0,0,0,0,0,0,0,0,120,24,20,0,0,0,9,39,11,28,0,0,0,0,0,0
SS Prabhudessadi,Batsman,RCB,6.5,https://bcciplayerimages.s3.ap-south-1.amazonaws.com/ipl/IPLHeadshot2024/598.png,smat2023_108,50,30,1,166.7,1,0,2,4,23.3,0,0,0,0,0,0,0,0,0,0,120,24,20,0,0,0,9,39,11,28,0,0,0,0,0,0
SD Chauhan,Batsman,RCB,6,https://bcciplayerimages.s3.ap-south-1.amazonaws.com/ipl/IPLHeadshot2024/3114.png,smat2023_127,32,21,1,152.4,0,0,4,1,38.1,0,0,0,0,0,0,0,0,0,0,156.5217391,36,23,0,0,0,17,55,14,31,0,0,0,0,0,0
Mohammed Siraj,Bowler,RCB,8.5,https://bcciplayerimages.s3.ap-south-1.amazonaws.com/ipl/IPLHeadshot2023/63.png,ipl2024_06,0,0,0,0,0,0,0,0,0,4,26,2,6.5,13,12,0,4,0,50,66.66666667,2,3,1,32,4,2,3,2,3,1,1,30,35,3,4
LH Ferguson,Bowler,RCB,8,https://bcciplayerimages.s3.ap-south-1.amazonaws.com/ipl/IPLHeadshot2024/69.png,t20blast2021_094,0,0,0,0,0,0,0,0,0,4,22,4,5.5,5.5,6,0,1,0,50,200,2,1,1,25,3,0,3,0,2,1,1,22,27,3,4
RJW Topley,Bowler,RCB,7.5,https://bcciplayerimages.s3.ap-south-1.amazonaws.com/ipl/IPLHeadshot2024/574.png,t20blast2022_126,0,0,0,0,0,0,0,0,0,4,26,2,6.5,13,12,0,2,1,54.2,0,0,0,1,31,3,1,1,1,1,1,1,29,33,3,4
KV Sharma,Bowler,RCB,7,https://bcciplayerimages.s3.ap-south-1.amazonaws.com/ipl/IPLHeadshot2024/98.png,smat2023_096,29,14,0,207.1,0,0,3,2,28.6,3,27,1,9,27,18,0,0,3,38.9,50,1,2,1,24,3,1,1,1,3,1,1,21,27,3,3
AS Joseph,Bowler,RCB,7,https://www.iplt20.com/assets/images/default-headshot.png,sat20_2023_22,0,0,0,0,0,0,0,0,0,4,38,0,9.5,0,0,0,4,1,33.3,100,4,4,1,25,4,2,6,3,5,1,2,23,28,3,4
MJ Dagar,Bowler,RCB,6.5,https://www.iplt20.com/assets/images/default-headshot.png,smat2022_136,21,12,0,175,0,0,2,1,25,4,24,2,6,12,12,0,1,1,37.5,0,0,0,1,17,3,1,4,1,2,1,1,12,21,2,3
Yash Dayal,Bowler,RCB,6.5,https://www.iplt20.com/assets/images/default-headshot.png,smat2023_130,0,0,0,0,0,0,0,0,0,4,53,0,13.25,0,0,0,4,4,25,0,0,0,1,12,2,0,0,1,0,0,1,6,18,1,2
GJ Maxwell,AR,RCB,9,https://bcciplayerimages.s3.ap-south-1.amazonaws.com/ipl/IPLHeadshot2023/28.png,t20blast2023_128,32,23,1,139.1,0,0,5,1,47.8,2,28,0,14,0,0,0,2,2,8.3,164.7058824,28,17,1,5,1,24,32,15,19,0,1,3,7,1,1
Cameron Green,AR,RCB,8,https://www.iplt20.com/assets/images/default-headshot.png,ipl2024_06,3,5,1,60,0,0,0,0,60,2,19,0,9.5,0,0,0,1,1,33.3,195.4545455,43,22,1,13,1,31,55,16,29,-1,1,8,19,1,2
TK Curran,AR,RCB,7,https://bcciplayerimages.s3.ap-south-1.amazonaws.com/ipl/IPLHeadshot2024/309.png,t20blast2023_132,22,15,1,146.7,0,0,1,1,13.3,4,33,0,8.25,0,0,0,2,1,37.5,128.5714286,9,7,1,28,3,7,12,5,8,1,2,25,31,3,4
WG Jacks,AR,RCB,7,https://bcciplayerimages.s3.ap-south-1.amazonaws.com/ipl/IPLHeadshot2024/1941.png,t20blast2023_132,9,13,1,69.2,0,0,1,0,61.5,0,0,0,0,0,0,0,0,0,0,142.1052632,27,19,1,5,1,22,32,16,21,0,0,3,6,0,1
Swapnil Singh,AR,RCB,6,https://bcciplayerimages.s3.ap-south-1.amazonaws.com/ipl/IPLHeadshot2024/1483.png,tnpl2023_30,48,30,1,160,0,0,1,4,20,4,39,1,9.75,39,24,0,3,2,37.5,175,7,4,1,1,0,1,14,1,9,-1,1,-5,7,1,0
KD Karthik,WK,RCB,7.5,https://bcciplayerimages.s3.ap-south-1.amazonaws.com/ipl/IPLHeadshot2023/13.png,tnpl2022_20,21,16,1,131.2,0,0,3,0,31.2,0,0,0,0,0,0,0,0,0,0,138.4615385,18,13,0,0,0,14,22,11,15,0,0,0,0,0,0
Anuj Rawat,WK,RCB,7,https://bcciplayerimages.s3.ap-south-1.amazonaws.com/ipl/IPLHeadshot2024/534.png,smat2023_133,34,22,1,154.5,0,0,5,1,40.9,0,0,0,0,0,0,0,0,0,0,145,29,20,0,0,0,23,34,17,24,0,0,0,0,0,0
V Vyshak,Bowler,RCB,7,https://www.iplt20.com/assets/images/default-headshot.png,smat2023_099,2,3,1,66.7,0,0,0,0,33.3,4,55,1,13.75,55,24,0,6,4,58.3,150,3,2,1,4,1,3,4,1,3,0,1,-6,13,1,1
YBK Jaiswal,Batsman,RR,8.5,https://www.rajasthanroyals.com/static-assets/images/players/69238.png?v=6.01,smat2023_058,50,36,1,138.9,1,0,8,1,44.4,0,0,0,0,0,0,0,0,0,0,400,12,3,0,0,0,4,19,1,7,0,0,0,1,0,0
SO Hetmyer,Batsman,RR,8,https://www.rajasthanroyals.com/static-assets/images/players/64861.png?v=6.01,psl2021_16,7,9,1,77.8,0,0,0,0,33.3,0,0,0,0,0,0,0,0,0,0,130.7692308,17,13,0,0,0,14,21,11,15,0,0,0,0,0,0
R Powell,Batsman,RR,7.5,https://www.rajasthanroyals.com/static-assets/images/players/65291.png?v=6.01,psl2024_33,2,7,1,28.6,0,0,0,0,85.7,0,0,0,0,0,0,0,0,0,0,140,21,15,1,5,0,17,25,13,17,0,0,2,7,0,1
T Kohler-Cadmore,Batsman,RR,7,https://bcciplayerimages.s3.ap-south-1.amazonaws.com/ipl/IPLHeadshot2024/3113.png,t20blast2023_133,19,19,1,100,0,0,2,1,57.9,0,0,0,0,0,0,0,0,0,0,150,27,18,0,0,0,23,31,16,21,0,0,0,0,0,0
SB Dubey,Batsman,RR,5,https://bcciplayerimages.s3.ap-south-1.amazonaws.com/ipl/IPLHeadshot2024/3112.png,smat2022_135,19,22,1,86.4,0,0,1,0,36.4,0,0,0,0,0,0,0,0,0,0,160,8,5,0,0,0,1,16,1,10,0,0,0,0,0,0
TA Boult,Bowler,RR,9,https://www.rajasthanroyals.com/static-assets/images/players/4338.png?v=6.01,ssnz2021_30,0,0,0,0,0,0,0,0,0,3,40,2,13.33,20,9,0,7,1,27.8,200,2,1,1,25,3,1,2,1,1,1,1,24,27,3,3
YS Chahal,Bowler,RR,9,https://www.rajasthanroyals.com/static-assets/images/players/9844.png?v=6.01,smat2023_076,0,0,0,0,0,0,0,0,0,3.5,8,4,2.09,2,5.8,0,0,0,78.3,0,0,0,1,27,3,1,0,1,1,1,1,25,28,3,3
Avesh Khan,Bowler,RR,8,https://bcciplayerimages.s3.ap-south-1.amazonaws.com/ipl/IPLHeadshot2024/109.png,smat2023_108,0,0,0,0,0,0,0,0,0,4,27,1,6.75,27,24,0,2,1,45.8,100,1,1,1,35,4,0,2,0,1,1,1,32,38,3,4
Sandeep Sharma,Bowler,RR,7.5,https://bcciplayerimages.s3.ap-south-1.amazonaws.com/ipl/IPLHeadshot2024/220.png,smat2021_101,1,2,1,50,0,0,0,0,50,4,35,1,8.75,35,24,0,4,1,29.2,100,1,1,1,29,3,0,1,1,1,0,1,27,32,3,4
N Burger,Bowler,RR,7,https://bcciplayerimages.s3.ap-south-1.amazonaws.com/ipl/IPLHeadshot2024/2806.png,sat20_2024_33,1,4,1,25,0,0,0,0,75,4,27,2,6.75,13.5,12,0,4,0,41.7,100,2,2,1,22,3,1,2,1,3,0,1,18,26,2,3
NA Saini,Bowler,RR,6.5,https://bcciplayerimages.s3.ap-south-1.amazonaws.com/ipl/IPLHeadshot2023/207.png,smat2023_133,0,0,0,0,0,0,0,0,0,3,32,0,10.67,0,0,0,3,2,33.3,100,1,1,1,29,3,0,2,0,3,1,1,27,32,3,3
KR Sen,Bowler,RR,6,https://bcciplayerimages.s3.ap-south-1.amazonaws.com/ipl/IPLHeadshot2024/1005.png,smat2023_090,0,1,0,0,0,0,0,0,100,1,21,0,21,0,0,0,0,3,33.3,0,0,0,1,24,3,0,0,1,1,1,2,18,29,3,4
Abid Mushtaq,Bowler,RR,5.5,https://bcciplayerimages.s3.ap-south-1.amazonaws.com/ipl/IPLHeadshot2024/1591.png,smat2023_104,0,0,0,0,0,0,0,0,0,4,29,0,7.25,0,0,0,3,1,41.7,83.33333333,5,6,1,7,1,5,5,6,6,0,0,1,14,1,1
R Ashwin,AR,RR,8,https://www.rajasthanroyals.com/static-assets/images/players/4555.png?v=6.01,tnpl2023_16,5,10,1,50,0,0,0,0,50,4,31,1,7.75,31,24,0,1,1,29.2,100,5,5,1,28,4,2,8,3,7,1,1,26,30,4,4
R Parag,AR,RR,7,https://www.rajasthanroyals.com/static-assets/images/players/66939.png?v=6.01,smat2023_134,8,10,1,80,0,0,0,0,20,3,32,0,10.67,0,0,0,1,3,44.4,111.1111111,10,9,1,16,2,4,16,5,13,0,1,13,19,2,2
D Ferreira,AR,RR,6,https://bcciplayerimages.s3.ap-south-1.amazonaws.com/ipl/IPLHeadshot2024/2033.png,sat20_2024_33,24,12,1,200,0,0,3,1,25,0,0,0,0,0,0,0,0,0,0,153.8461538,20,13,0,0,0,7,33,8,18,-1,1,-5,5,1,0
JC Buttler,WK,RR,9,https://www.rajasthanroyals.com/static-assets/images/players/9782.png?v=6.01,t20blast2023_127,42,32,1,131.2,0,0,2,3,40.6,0,0,0,0,0,0,0,0,0,0,145.8333333,35,24,0,0,0,30,39,21,26,0,0,0,0,0,0
SV Samson,WK,RR,8.5,https://www.rajasthanroyals.com/static-assets/images/players/61837.png?v=6.01,smat2023_132,0,1,1,0,0,0,0,0,100,0,0,0,0,0,0,0,0,0,0,133.3333333,28,21,0,0,0,23,34,18,24,0,0,0,0,0,0
DC Jurel,WK,RR,7,https://www.rajasthanroyals.com/static-assets/images/players/71370.png?v=6.01,smat2023_127,13,9,0,144.4,0,0,1,1,55.6,0,0,0,0,0,0,0,0,0,0,200,2,1,0,0,0,1,7,1,3,0,0,0,0,0,0
TK Kotian,Bowler,RR,5,https://www.iplt20.com/assets/images/default-headshot.png,smat2023_058,0,0,0,0,0,0,0,0,0,2,8,1,4,8,12,0,0,0,50,100,9,9,1,6,1,2,17,2,16,-1,1,-1,12,0,2
TM Head,Batsman,SRH,8,https://www.iplt20.com/assets/images/default-headshot.png,t20blast2021_108,5,8,1,62.5,0,0,0,0,37.5,0,0,0,0,0,0,0,0,0,0,138.0952381,29,21,1,3,0,22,36,16,25,0,1,0,6,0,1
MA Agarwal,Batsman,SRH,8,https://bcciplayerimages.s3.ap-south-1.amazonaws.com/ipl/IPLHeadshot2023/55.png,smat2023_099,59,35,1,168.6,1,0,8,2,28.6,0,0,0,0,0,0,0,0,0,0,142.1052632,27,19,0,0,0,22,32,16,23,0,0,0,0,0,0
RA Tripathi,Batsman,SRH,7.5,https://bcciplayerimages.s3.ap-south-1.amazonaws.com/ipl/IPLHeadshot2023/188.png,smat2023_068,35,16,0,218.8,0,0,6,0,18.8,1,4,0,4,0,0,0,0,0,83.3,150,18,12,0,0,0,13,22,10,15,0,0,0,0,0,0
GD Phillips,Batsman,SRH,7.5,https://bcciplayerimages.s3.ap-south-1.amazonaws.com/ipl/IPLHeadshot2024/635.png,t20blast2022_119,52,39,1,133.3,1,0,1,3,20.5,1,7,1,7,7,6,0,1,0,33.3,106.25,17,16,1,3,0,13,21,13,18,0,0,2,4,0,0
Abhishek Sharma,Batsman,SRH,7,https://bcciplayerimages.s3.ap-south-1.amazonaws.com/ipl/IPLHeadshot2024/212.png,smat2023_135,0,1,1,0,0,0,0,0,100,1,13,0,13,0,0,0,1,1,16.7,175,35,20,1,10,1,28,42,17,23,0,0,8,12,1,2
Abdul Samad,Batsman,SRH,6.5,https://bcciplayerimages.s3.ap-south-1.amazonaws.com/ipl/IPLHeadshot2024/525.png,smat2023_058,38,30,0,126.7,0,0,3,1,23.3,0,0,0,0,0,0,0,0,0,0,200,18,9,1,3,0,13,23,5,12,0,0,-1,7,0,0
PJ Cummins,Bowler,SRH,8.5,https://www.iplt20.com/assets/images/default-headshot.png,ipl2024_03,0,1,0,0,0,0,0,0,100,4,32,1,8,32,24,0,3,1,33.3,100,2,2,1,27,3,1,8,1,5,1,1,24,31,3,4
B Kumar,Bowler,SRH,8,https://bcciplayerimages.s3.ap-south-1.amazonaws.com/ipl/IPLHeadshot2023/15.png,smat2023_130,0,0,0,0,0,0,0,0,0,4,22,2,5.5,11,12,0,2,0,58.3,100,1,1,2,27,4,1,2,1,2,1,2,25,29,3,4
T Natarajan,Bowler,SRH,7.5,https://bcciplayerimages.s3.ap-south-1.amazonaws.com/ipl/IPLHeadshot2023/224.png,tnpl2023_21,0,0,0,0,0,0,0,0,0,3,14,1,4.67,14,18,0,2,0,66.7,0,0,0,1,23,3,0,0,0,0,0,1,20,26,3,4
M Markande,Bowler,SRH,7,https://bcciplayerimages.s3.ap-south-1.amazonaws.com/ipl/IPLHeadshot2024/87.png,smat2023_135,0,0,0,0,0,0,0,0,0,3,29,1,9.67,29,18,0,0,3,27.8,100,1,1,1,21,2,0,1,0,1,0,1,18,23,2,3
Fazalhaq Farooqi,Bowler,SRH,6.5,https://bcciplayerimages.s3.ap-south-1.amazonaws.com/ipl/IPLHeadshot2023/1011.png,psl2023_32,0,0,0,0,0,0,0,0,0,4,31,1,7.75,31,24,0,5,0,50,0,0,1,1,25,3,0,0,0,1,0,1,22,28,3,3
JD Unadkat,Bowler,SRH,6.5,https://bcciplayerimages.s3.ap-south-1.amazonaws.com/ipl/IPLHeadshot2024/180.png,smat2022_133,7,5,0,140,0,0,1,0,20,0,0,0,0,0,0,0,0,0,0,150,9,6,0,0,0,6,12,4,8,0,0,0,0,0,0
Akash Singh,Bowler,SRH,6,https://bcciplayerimages.s3.ap-south-1.amazonaws.com/ipl/IPLHeadshot2024/535.png,smat2022_114,4,2,1,200,0,0,1,0,50,3,27,1,9,27,18,0,4,1,55.6,0,0,1,1,15,2,0,0,1,0,0,1,9,20,2,3
AK Markram,AR,SRH,8.5,https://bcciplayerimages.s3.ap-south-1.amazonaws.com/ipl/IPLHeadshot2023/287.png,sat20_2024_34,42,26,0,161.5,0,0,3,2,19.2,1,4,0,4,0,0,0,0,0,33.3,127.7777778,23,18,1,2,0,18,29,14,21,0,0,0,5,0,0
M Jansen,AR,SRH,8,https://bcciplayerimages.s3.ap-south-1.amazonaws.com/ipl/IPLHeadshot2024/586.png,sat20_2024_34,0,0,0,0,0,0,0,0,0,4,30,5,7.5,6,4.8,1,2,2,58.3,157.1428571,11,7,2,34,4,7,15,5,9,2,2,30,37,3,4
Washington Sundar,AR,SRH,8,https://bcciplayerimages.s3.ap-south-1.amazonaws.com/ipl/IPLHeadshot2023/20.png,tnpl2023_24,14,11,1,127.3,0,0,3,0,54.5,3,26,0,8.67,0,0,0,3,1,33.3,123.0769231,16,13,1,26,3,11,20,10,15,0,1,23,28,3,3
Shahbaz Ahmed,AR,SRH,6.5,https://www.iplt20.com/assets/images/default-headshot.png,smat2023_128,5,6,1,83.3,0,0,0,0,33.3,4,30,1,7.5,30,24,0,1,2,45.8,83.33333333,5,6,1,21,2,1,8,3,8,-1,0,16,25,2,3
K Nitish Kumar Reddy,AR,SRH,5.5,https://bcciplayerimages.s3.ap-south-1.amazonaws.com/ipl/IPLHeadshot2024/1944.png,smat2023_128,5,6,1,83.3,0,0,0,0,33.3,0,0,0,0,0,0,0,0,0,0,100,7,7,0,0,0,2,12,3,10,0,0,0,0,0,0
Sanvir Singh,AR,SRH,5.5,https://bcciplayerimages.s3.ap-south-1.amazonaws.com/ipl/IPLHeadshot2024/1943.png,smat2023_135,4,1,0,400,0,0,1,0,0,0,0,0,0,0,0,0,0,0,0,50,6,12,1,8,1,1,12,9,16,-1,1,1,15,0,1
H Klaasen,WK,SRH,9,https://bcciplayerimages.s3.ap-south-1.amazonaws.com/ipl/IPLHeadshot2023/202.png,t100m2023_26,18,11,1,163.6,0,0,3,0,27.3,0,0,0,0,0,0,0,0,0,0,190.9090909,42,22,1,1,0,35,49,19,25,0,0,0,1,0,0
Anmolpreet Singh,WK,SRH,6.5,https://bcciplayerimages.s3.ap-south-1.amazonaws.com/ipl/IPLHeadshot2024/159.png,smat2023_135,113,61,1,185.2,0,1,10,6,24.6,0,0,0,0,0,0,0,0,0,0,0,0,0,0,0,0,64,86,1,8,0,0,0,0,0,0
UD Yadav,WK,SRH,5,https://bcciplayerimages.s3.ap-south-1.amazonaws.com/ipl/IPLHeadshot2024/1472.png,smat2023_096,64,47,1,136.2,1,0,7,3,46.8,0,0,0,0,0,0,0,0,0,0,100,9,9,0,0,0,1,42,1,32,0,0,0,0,0,0
RD Gaikwad,Batsman,CSK,9,https://bcciplayerimages.s3.ap-south-1.amazonaws.com/ipl/IPLHeadshot2023/102.png,smat2021_2_090,44,34,1,129.4,0,0,6,0,26.5,0,0,0,0,0,0,0,0,0,0,109.0909091,24,22,0,0,0,16,32,17,27,0,0,0,0,0,0
DJ Mitchell,Batsman,CSK,8.5,https://www.iplt20.com/assets/images/default-headshot.png,t20blast2023_127,26,19,0,136.8,0,0,1,1,21.1,4,44,0,11,0,0,0,7,0,20.8,139.1304348,32,23,1,33,3,26,38,20,27,0,1,29,36,3,3
S Dube,Batsman,CSK,8,https://bcciplayerimages.s3.ap-south-1.amazonaws.com/ipl/IPLHeadshot2023/211.png,smat2023_058,15,25,1,60,0,0,0,0,48,0,0,0,0,0,0,0,0,0,0,155,31,20,1,3,1,26,36,17,23,0,0,1,5,0,1
AM Rahane,Batsman,CSK,7.5,https://bcciplayerimages.s3.ap-south-1.amazonaws.com/ipl/IPLHeadshot2023/44.png,smat2023_058,31,31,1,100,0,0,1,0,22.6,0,0,0,0,0,0,0,0,0,0,130.4347826,30,23,0,0,0,25,34,20,26,0,0,0,0,0,0
SN Thakur,Bowler,CSK,8,https://www.iplt20.com/assets/images/default-headshot.png,ipl2023_68,3,7,1,42.9,0,0,0,0,57.1,2,27,2,13.5,13.5,6,0,0,3,41.7,100,1,1,1,25,3,1,4,0,3,1,1,22,27,3,3
Mustafizur Rahman,Bowler,CSK,8,https://bcciplayerimages.s3.ap-south-1.amazonaws.com/ipl/IPLHeadshot2024/258.png,t20blast2016_110,0,0,0,0,0,0,0,0,0,3.2,31,0,9.3,0,0,0,3,1,25,100,1,1,1,27,3,1,1,1,1,1,1,26,29,3,4
DL Chahar,Bowler,CSK,8,https://bcciplayerimages.s3.ap-south-1.amazonaws.com/ipl/IPLHeadshot2023/91.png,smat2021_094,2,3,0,66.7,0,0,0,0,33.3,4,36,0,9,0,0,0,4,1,25,150,3,2,2,24,4,2,4,1,2,1,2,21,26,4,4
M Pathirana,Bowler,CSK,7.5,https://bcciplayerimages.s3.ap-south-1.amazonaws.com/ipl/IPLHeadshot2023/1014.png,lpl2023_20,0,2,0,0,0,0,0,0,100,0.3,18,0,36,0,0,0,1,1,66.7,0,0,1,1,4,0,0,0,1,0,0,0,1,8,0,1
M Theekshana,Bowler,CSK,7.5,https://bcciplayerimages.s3.ap-south-1.amazonaws.com/ipl/IPLHeadshot2023/629.png,sat20_2023_32,0,0,0,0,0,0,0,0,0,4,29,0,7.25,0,0,0,2,1,37.5,100,1,1,1,25,4,0,2,0,2,1,1,23,27,4,4
TU Deshpande,Bowler,CSK,7,https://bcciplayerimages.s3.ap-south-1.amazonaws.com/ipl/IPLHeadshot2024/539.png,smat2023_058,0,0,0,0,0,0,0,0,0,3,29,0,9.67,0,0,0,3,1,27.8,100,1,1,1,29,4,1,2,0,2,1,2,24,34,3,4
RA Jadeja,AR,CSK,9,https://bcciplayerimages.s3.ap-south-1.amazonaws.com/ipl/IPLHeadshot2023/46.png,ipl2024_07,7,3,1,233.3,0,0,1,0,0,2,15,0,7.5,0,0,0,1,0,16.7,216.6666667,13,6,1,20,3,11,15,4,7,0,1,18,22,2,3
R Ravindra,AR,CSK,7.5,https://bcciplayerimages.s3.ap-south-1.amazonaws.com/ipl/IPLHeadshot2024/724.png,ssnz2023_31,2,5,1,40,0,0,0,0,60,3,22,1,7.33,22,18,0,1,1,27.8,71.42857143,5,7,1,21,2,1,11,4,11,0,1,18,25,2,3
MM Ali,AR,CSK,7.5,https://bcciplayerimages.s3.ap-south-1.amazonaws.com/ipl/IPLHeadshot2024/206.png,t20blast2023_070,12,9,1,133.3,0,0,1,0,22.2,4,16,3,4,5.3,8,0,1,0,45.8,138.4615385,18,13,1,20,2,14,22,11,15,0,1,18,22,2,3
MJ Santner,AR,CSK,7,https://bcciplayerimages.s3.ap-south-1.amazonaws.com/ipl/IPLHeadshot2024/75.png,t20blast2023_130,13,10,1,130,0,0,1,1,60,3.3,23,1,6.57,23,21,0,3,0,47.6,133.3333333,16,12,1,22,3,12,21,9,14,1,1,20,24,3,3
MS Dhoni,WK,CSK,7.5,https://bcciplayerimages.s3.ap-south-1.amazonaws.com/ipl/IPLHeadshot2023/57.png,ipl2023_74,0,1,1,0,0,0,0,0,100,0,0,0,0,0,0,0,0,0,0,110.5263158,21,19,0,0,0,17,24,16,21,0,0,0,0,0,0
DP Conway,WK,CSK,8,https://bcciplayerimages.s3.ap-south-1.amazonaws.com/ipl/IPLHeadshot2023/601.png,t20blast2021_124,4,6,1,66.7,0,0,1,0,83.3,0,0,0,0,0,0,0,0,0,0,129.6296296,35,27,0,0,0,28,42,23,31,0,0,0,0,0,0
Sameer Rizvi,Batsman,CSK,5.5,https://bcciplayerimages.s3.ap-south-1.amazonaws.com/ipl/IPLHeadshot2024/1229.png,smat2023_130,42,29,0,144.8,0,0,1,4,34.5,0,0,0,0,0,0,0,0,0,0,157.1428571,11,7,0,0,0,1,20,1,19,0,0,0,0,0,0
Mukesh Choudhary,Bowler,CSK,7,https://bcciplayerimages.s3.ap-south-1.amazonaws.com/ipl/IPLHeadshot2024/970.png,smat2021_2_096,0,0,0,0,0,0,0,0,0,3,24,1,8,24,18,0,3,1,50,0,0,0,1,22,3,1,1,1,1,-1,0,16,29,2,3
Simarjeet Singh,Bowler,CSK,5.5,https://bcciplayerimages.s3.ap-south-1.amazonaws.com/ipl/IPLHeadshot2024/622.png,smat2021_076,0,0,0,0,0,0,0,0,0,2,22,2,11,11,6,0,3,1,50,0,0,1,1,14,2,1,1,1,2,0,2,6,21,2,3
DA Warner,Batsman,DC,9,https://bcciplayerimages.s3.ap-south-1.amazonaws.com/ipl/IPLHeadshot2023/214.png,ipl2024_02,29,21,1,138.1,0,0,3,2,52.4,0,0,0,0,0,0,0,0,0,0,137.9310345,40,29,0,0,0,34,46,25,32,0,0,0,0,0,0
PP Shaw,Batsman,DC,7.5,https://bcciplayerimages.s3.ap-south-1.amazonaws.com/ipl/IPLHeadshot2023/51.png,smat2022_136,11,8,1,137.5,0,0,2,0,50,0,0,0,0,0,0,0,0,0,0,142.1052632,27,19,0,0,0,22,33,16,22,0,0,0,0,0,0
RK Bhui,Batsman,DC,6.5,https://bcciplayerimages.s3.ap-south-1.amazonaws.com/ipl/IPLHeadshot2024/219.png,smat2023_088,40,13,0,307.7,0,0,4,3,0,0,0,0,0,0,0,0,0,0,0,100,2,2,0,0,0,1,29,1,14,0,0,0,0,0,0
YV Dhull,Batsman,DC,5.5,https://bcciplayerimages.s3.ap-south-1.amazonaws.com/ipl/IPLHeadshot2024/777.png,smat2023_133,7,9,1,77.8,0,0,1,0,55.6,0,0,0,0,0,0,0,0,0,0,133.3333333,20,15,0,0,0,3,36,4,27,0,0,0,0,0,0
Kuldeep Yadav,Bowler,DC,9,https://bcciplayerimages.s3.ap-south-1.amazonaws.com/ipl/IPLHeadshot2023/14.png,smat2022_113,0,0,0,0,0,0,0,0,0,3,24,0,8,0,0,0,4,0,38.9,75,3,4,1,26,3,2,4,2,5,0,1,24,29,3,4
Abishek Porel,WK,DC,6,https://bcciplayerimages.s3.ap-south-1.amazonaws.com/ipl/IPLHeadshot2024/1580.png,smat2023_128,23,16,1,143.8,0,0,2,1,37.5,0,0,0,0,0,0,0,0,0,0,0,0,0,0,0,0,1,11,1,7,0,0,0,0,0,0
RR Pant,WK,DC,8.5,https://staticg.sportskeeda.com/editor/2023/02/8d54a-16758655779091-1920.jpg?w=80,ipl2024_02,18,13,1,138.5,0,0,2,0,23.1,0,0,0,0,0,0,0,0,0,0,140,28,20,0,0,0,23,32,17,22,0,0,0,0,0,0
SD Hope,WK,DC,7,https://bcciplayerimages.s3.ap-south-1.amazonaws.com/ipl/IPLHeadshot2024/268.png,psl2024_28,5,7,1,71.4,0,0,0,0,42.9,0,0,0,0,0,0,0,0,0,0,123.5294118,21,17,0,0,0,16,26,14,20,0,0,0,0,0,0
T Stubbs,WK,DC,6.5,https://bcciplayerimages.s3.ap-south-1.amazonaws.com/ipl/IPLHeadshot2024/1017.png,t100m2022_34,18,18,1,100,0,0,1,0,38.9,0.5,5,0,6,0,0,0,0,0,20,164.2857143,23,14,1,7,0,18,27,12,17,0,0,4,10,0,1
A Nortje,Bowler,DC,8,https://bcciplayerimages.s3.ap-south-1.amazonaws.com/ipl/IPLHeadshot2023/142.png,sat20_2023_33,5,4,0,125,0,0,1,0,50,4,21,2,5.25,10.5,12,0,2,1,75,200,2,1,2,23,3,1,3,1,2,2,2,20,25,3,3
I Sharma,Bowler,DC,7.5,https://bcciplayerimages.s3.ap-south-1.amazonaws.com/ipl/IPLHeadshot2024/50.png,smat2023_090,0,0,0,0,0,0,0,0,0,2,13,1,6.5,13,12,0,3,0,66.7,100,1,1,1,19,3,0,1,1,1,1,1,16,23,2,3
Mukesh Kumar,Bowler,DC,7,https://bcciplayerimages.s3.ap-south-1.amazonaws.com/ipl/IPLHeadshot2023/1462.png,smat2023_128,0,0,0,0,0,0,0,0,0,4,29,1,7.25,29,24,0,4,0,45.8,0,0,0,1,24,3,0,1,0,1,0,1,21,27,2,3
P Dubey,Bowler,DC,6,https://bcciplayerimages.s3.ap-south-1.amazonaws.com/ipl/IPLHeadshot2024/548.png,smat2021_2_105,33,25,1,132,0,0,3,1,36,1,4,0,4,0,0,0,0,0,33.3,0,0,1,1,2,0,0,0,1,12,-1,1,-12,16,0,0
KK Ahmed,Bowler,DC,6.5,https://bcciplayerimages.s3.ap-south-1.amazonaws.com/ipl/IPLHeadshot2023/8.png,smat2022_061,0,0,0,0,0,0,0,0,0,4,36,1,9,36,24,0,2,2,33.3,0,0,0,1,25,3,1,0,1,1,1,1,22,27,3,4
Rasikh Salam,Bowler,DC,5.5,https://bcciplayerimages.s3.ap-south-1.amazonaws.com/ipl/IPLHeadshot2024/172.png,smat2023_104,0,0,0,0,0,0,0,0,0,3,32,0,10.67,0,0,0,2,3,38.9,0,0,0,1,13,2,1,3,1,2,-1,1,1,26,1,3
JA Richardson,Bowler,DC,7,https://www.iplt20.com/assets/images/default-headshot.png,ipl2021_11,0,0,0,0,0,0,0,0,0,4,41,2,10.25,20.5,12,0,2,3,37.5,133.3333333,4,3,2,26,4,3,5,3,4,2,2,23,29,3,4
AR Patel,AR,DC,8.5,https://bcciplayerimages.s3.ap-south-1.amazonaws.com/ipl/IPLHeadshot2023/110.png,smat2023_096,0,0,0,0,0,0,0,0,0,2,14,0,7,0,0,0,2,0,33.3,125,10,8,1,27,3,7,13,6,10,1,1,25,29,3,4
Lalit Yadav,AR,DC,6.5,https://bcciplayerimages.s3.ap-south-1.amazonaws.com/ipl/IPLHeadshot2023/538.png,smat2023_133,15,12,1,125,0,0,2,0,25,3.4,32,0,8.73,0,0,0,0,2,13.6,125,15,12,1,14,2,10,20,8,15,0,1,10,18,1,2
MR Marsh,AR,DC,9,https://bcciplayerimages.s3.ap-south-1.amazonaws.com/ipl/IPLHeadshot2023/40.png,ipl2024_02,20,12,1,166.7,0,0,2,2,66.7,4,52,0,13,0,0,0,5,3,25,133.3333333,20,15,1,6,1,13,27,12,19,0,0,3,10,1,1
Sumit Kumar,AR,DC,6,https://bcciplayerimages.s3.ap-south-1.amazonaws.com/ipl/IPLHeadshot2024/1535.png,smat2023_076,5,4,0,125,0,0,0,0,0,4,18,4,4.5,4.5,6,0,1,0,66.7,166.6666667,10,6,1,5,1,4,16,2,9,-1,1,-5,14,1,1
J Fraser-McGurk,Batsman,DC,6,https://bcciplayerimages.s3.ap-south-1.amazonaws.com/ipl/IPLHeadshot2024/3115.png,ilt20_2024_08,41,17,1,241.2,0,0,3,4,41.2,0,0,0,0,0,0,0,0,0,0,227.2727273,25,11,0,0,0,17,32,7,15,0,0,0,0,0,0
Shubman Gill,Batsman,GT,9,https://bcciplayerimages.s3.ap-south-1.amazonaws.com/ipl/IPLHeadshot2023/62.png,smat2022_134,45,32,1,140.6,0,0,7,1,43.8,0,0,0,0,0,0,0,0,0,0,107.6923077,28,26,0,0,0,22,34,23,30,0,0,0,0,0,0
KS Williamson,Batsman,GT,8.5,https://bcciplayerimages.s3.ap-south-1.amazonaws.com/ipl/IPLHeadshot2024/65.png,t20blast2018_122,44,26,0,169.2,0,0,6,1,26.9,0,0,0,0,0,0,0,0,0,0,133.3333333,8,6,0,0,0,3,13,3,10,0,0,0,0,0,0
B Sai Sudharsan,Batsman,GT,8,https://bcciplayerimages.s3.ap-south-1.amazonaws.com/ipl/IPLHeadshot2023/976.png,tnpl2023_19,41,28,1,146.4,0,0,6,0,28.6,0,0,0,0,0,0,0,0,0,0,142.3076923,37,26,0,0,0,28,45,22,31,0,0,-1,1,1,0
DA Miller,Batsman,GT,8,https://bcciplayerimages.s3.ap-south-1.amazonaws.com/ipl/IPLHeadshot2023/128.png,t20blast2017_131,0,2,1,0,0,0,0,0,100,0,0,0,0,0,0,0,0,0,0,153.3333333,23,15,0,0,0,20,25,14,17,0,0,0,0,0,0
V Shankar,Batsman,GT,7,https://bcciplayerimages.s3.ap-south-1.amazonaws.com/ipl/IPLHeadshot2023/61.png,tnpl2023_27,28,22,1,127.3,0,0,1,1,18.2,0,0,0,0,0,0,0,0,0,0,142.8571429,20,14,1,4,0,16,25,11,17,0,0,1,7,0,1
A Manohar,Batsman,GT,6,https://bcciplayerimages.s3.ap-south-1.amazonaws.com/ipl/IPLHeadshot2024/974.png,smat2023_099,13,12,1,108.3,0,0,1,0,25,0,0,0,0,0,0,0,0,0,0,139.2857143,39,28,0,0,0,27,50,21,36,0,0,0,0,0,0
Rashid Khan,Bowler,GT,9,https://bcciplayerimages.s3.ap-south-1.amazonaws.com/ipl/IPLHeadshot2023/218.png,t20blast2022_123,25,12,0,208.3,0,0,1,2,25,4,24,2,6,12,12,0,1,1,33.3,133.3333333,4,3,1,25,4,2,5,3,4,1,1,24,26,4,4
MM Sharma,Bowler,GT,8,https://bcciplayerimages.s3.ap-south-1.amazonaws.com/ipl/IPLHeadshot2023/100.png,smat2023_032,0,0,0,0,0,0,0,0,0,3,24,0,8,0,0,0,3,1,44.4,0,0,0,1,30,3,1,1,1,1,0,1,27,34,3,3
JB Little,Bowler,GT,7,https://bcciplayerimages.s3.ap-south-1.amazonaws.com/ipl/IPLHeadshot2024/678.png,t100m2023_34,0,0,0,0,0,0,0,0,0,3.2,21,1,6.3,21,20,0,2,1,55,100,1,1,1,17,2,0,1,0,1,1,1,14,20,2,3
UT Yadav,Bowler,GT,7,https://bcciplayerimages.s3.ap-south-1.amazonaws.com/ipl/IPLHeadshot2024/21.png,smat2022_135,2,3,0,66.7,0,0,0,0,33.3,3,22,0,7.33,0,0,0,1,2,61.1,200,2,1,1,30,3,1,3,0,2,1,1,27,33,3,4
Noor Ahmad,Bowler,GT,6.5,https://bcciplayerimages.s3.ap-south-1.amazonaws.com/ipl/IPLHeadshot2023/975.png,t100m2022_01,9,4,0,225,0,0,0,1,25,2.3,31,0,12.4,0,0,0,2,1,13.3,100,1,1,1,21,3,1,0,0,2,1,1,19,23,3,3
SH Johnson,Bowler,GT,6.5,https://www.iplt20.com/assets/images/default-headshot.png,t100m2023_29,0,0,0,0,0,0,0,0,0,1.4,11,1,6.6,11,10,0,0,1,70,0,0,0,1,19,2,1,1,1,1,0,1,16,23,2,3
Kartik Tyagi,Bowler,GT,6,https://bcciplayerimages.s3.ap-south-1.amazonaws.com/ipl/IPLHeadshot2024/536.png,smat2023_130,0,0,0,0,0,0,0,0,0,1,15,0,15,0,0,0,1,1,66.7,0,0,1,1,31,1,1,1,1,1,-1,0,27,35,0,1
R Sai Kishore,Bowler,GT,6,https://bcciplayerimages.s3.ap-south-1.amazonaws.com/ipl/IPLHeadshot2024/544.png,tnpl2023_22,26,10,1,260,0,0,3,2,40,4,31,2,7.75,15.5,12,0,2,2,45.8,58.33333333,7,12,1,22,4,5,10,10,14,1,1,20,24,4,4
J Yadav,Bowler,GT,6,https://bcciplayerimages.s3.ap-south-1.amazonaws.com/ipl/IPLHeadshot2024/165.png,smat2023_076,0,0,0,0,0,0,0,0,0,1,9,0,9,0,0,0,2,0,50,0,0,0,1,24,5,1,3,1,3,0,1,21,27,4,5
S Sandeep Warrier,Bowler,GT,6,https://www.iplt20.com/assets/images/default-headshot.png,tnpl2023_32,0,0,0,0,0,0,0,0,0,4,39,2,9.75,19.5,12,0,5,0,41.7,0,0,0,1,26,4,1,0,1,0,1,1,22,29,3,4
DG Nalkande,Bowler,GT,5.5,https://bcciplayerimages.s3.ap-south-1.amazonaws.com/ipl/IPLHeadshot2024/127.png,smat2022_135,5,6,1,83.3,0,0,0,0,16.7,3,35,2,11.67,17.5,9,0,3,2,27.8,200,2,1,2,23,2,1,5,1,3,1,2,18,29,2,3
Azmatullah Omarzai,AR,GT,7.5,https://bcciplayerimages.s3.ap-south-1.amazonaws.com/ipl/IPLHeadshot2024/1354.png,scl2020_19,16,13,1,123.1,0,0,1,1,46.2,3.4,24,1,6.55,24,22,0,2,1,40.9,133.3333333,8,6,1,20,2,1,14,2,10,0,1,17,23,2,3
R Tewatia,AR,GT,7,https://bcciplayerimages.s3.ap-south-1.amazonaws.com/ipl/IPLHeadshot2023/120.png,smat2023_076,26,18,0,144.4,0,0,2,1,22.2,1,2,0,2,0,0,0,0,0,83.3,150,18,12,1,10,2,14,21,10,15,0,1,7,13,2,2
M Shahrukh Khan,AR,GT,6.5,https://www.iplt20.com/assets/images/default-headshot.png,tnpl2023_32,7,5,1,140,0,0,1,0,40,4,16,3,4,5.3,8,0,0,1,62.5,158.3333333,19,12,1,18,2,15,23,10,15,1,1,16,21,2,2
WP Saha,WK,GT,8,https://bcciplayerimages.s3.ap-south-1.amazonaws.com/ipl/IPLHeadshot2023/225.png,smat2023_046,4,7,1,57.1,0,0,1,0,85.7,0,0,0,0,0,0,0,0,0,0,94.73684211,18,19,0,0,0,12,24,15,22,0,0,0,0,0,0
MS Wade,WK,GT,7,https://bcciplayerimages.s3.ap-south-1.amazonaws.com/ipl/IPLHeadshot2024/549.png,t100m2023_32,0,4,1,0,0,0,0,0,100,0,0,0,0,0,0,0,0,0,0,114.2857143,24,21,0,0,0,18,29,18,24,0,0,0,0,0,0
BR Sharath,WK,GT,5,https://bcciplayerimages.s3.ap-south-1.amazonaws.com/ipl/IPLHeadshot2024/3117.png,smat2023_099,26,18,1,144.4,0,0,2,1,16.7,0,0,0,0,0,0,0,0,0,0,0,0,1,0,0,0,0,0,1,5,0,0,0,0,0,0
RK Singh,Batsman,KKR,8.5,https://www.kkr.in/static-assets/images/players/64727.png?v=111.24,smat2023_130,77,33,0,233.3,1,0,4,6,15.2,0,0,0,0,0,0,0,0,0,0,218.75,35,16,0,0,0,28,42,12,20,0,0,0,0,0,0
SS Iyer,Batsman,KKR,8.5,https://www.kkr.in/static-assets/images/players/63961.png?v=111.24,smat2022_136,34,26,1,130.8,0,0,4,1,38.5,0,0,0,0,0,0,0,0,0,0,120,24,20,0,0,0,20,29,17,23,0,0,0,0,0,0
VR Iyer,Batsman,KKR,8,https://www.kkr.in/static-assets/images/players/65430.png?v=111.31,smat2023_108,29,22,0,131.8,0,0,2,1,22.7,1,12,0,12,0,0,0,1,1,66.7,142.1052632,27,19,1,9,1,21,33,15,23,0,0,6,12,1,1
N Rana,Batsman,KKR,8.5,https://www.kkr.in/static-assets/images/players/63649.png?v=111.31,smat2023_130,17,18,0,94.4,0,0,1,0,27.8,3,22,0,7.33,0,0,0,1,1,22.2,135.2941176,23,17,1,12,2,18,27,14,19,1,2,11,13,2,2
SE Rutherford,Batsman,KKR,7,https://bcciplayerimages.s3.ap-south-1.amazonaws.com/ipl/IPLHeadshot2024/122.png,psl2024_22,9,9,1,100,0,0,1,0,44.4,0,0,0,0,0,0,0,0,0,0,146.6666667,22,15,0,0,0,18,27,13,18,0,0,-1,2,1,0
MK Pandey,Batsman,KKR,7,https://bcciplayerimages.s3.ap-south-1.amazonaws.com/ipl/IPLHeadshot2024/16.png,smat2023_099,11,9,1,122.2,0,0,0,1,33.3,0,0,0,0,0,0,0,0,0,0,118.1818182,26,22,0,0,0,22,31,19,25,0,0,0,0,0,0
MA Starc,Bowler,KKR,9,https://www.kkr.in/static-assets/images/players/10053.png?v=111.31,ipl2024_03,6,3,0,200,0,0,1,0,0,4,53,0,13.25,0,0,0,3,4,41.7,200,2,1,0,0,0,1,3,1,1,0,1,-9,8,1,1
CV Varun,Bowler,KKR,8,https://www.kkr.in/static-assets/images/players/2020/67469.png?v=5.34&w=200,tnpl2023_31,0,0,0,0,0,0,0,0,0,4,26,1,6.5,26,24,0,1,1,33.3,100,1,1,1,29,4,0,2,1,2,1,1,27,31,3,4
PVD Chameera,Bowler,KKR,7.5,https://www.kkr.in/static-assets/images/players/58065.png?v=111.24,lpl2023_15,0,0,0,0,0,0,0,0,0,4,33,0,8.25,0,0,0,2,1,29.2,50,1,2,1,40,4,1,3,0,3,1,1,36,44,3,4
Suyash Sharma,Bowler,KKR,7,https://bcciplayerimages.s3.ap-south-1.amazonaws.com/ipl/IPLHeadshot2024/1932.png,lpl2021_17,2,12,1,16.7,0,0,0,0,83.3,0,0,0,0,0,0,0,0,0,0,66.66666667,2,3,0,0,0,1,6,1,6,0,0,0,0,0,0
Mujeeb Ur Rahman,Bowler,KKR,7,https://www.iplt20.com/assets/images/default-headshot.png,t20blast2021_123,0,0,0,0,0,0,0,0,0,4,18,2,4.5,9,12,0,2,0,50,100,1,1,1,25,4,1,2,0,1,1,1,23,26,4,4
VG Arora,Bowler,KKR,8,https://www.kkr.in/static-assets/images/players/74298.png?v=111.31,smat2022_136,2,2,0,100,0,0,0,0,0,4,27,3,6.75,9,8,0,0,2,75,0,0,0,2,19,4,1,0,1,1,1,2,16,23,3,4
C Sakariya,Bowler,KKR,8.5,https://www.kkr.in/static-assets/images/players/68173.png?v=111.31,smat2022_133,0,0,0,0,0,0,0,0,0,4,33,4,8.25,8.2,6,0,4,0,62.5,100,1,1,1,29,4,1,2,0,2,1,1,24,34,4,5
Harshit Rana,Bowler,KKR,6,https://bcciplayerimages.s3.ap-south-1.amazonaws.com/ipl/IPLHeadshot2024/1013.png,smat2023_090,0,0,0,0,0,0,0,0,0,1,9,0,9,0,0,0,0,1,33.3,0,0,0,1,11,2,1,0,1,1,0,1,4,18,1,2
AD Russell,AR,KKR,10.5,https://www.kkr.in/static-assets/images/players/12047.png?v=111.31,t20blast2016_131,39,18,1,216.7,0,0,4,3,33.3,4,20,3,5,6.7,8,0,1,0,41.7,150,12,8,1,30,3,10,14,7,9,1,1,28,31,3,4
SP Narine,AR,KKR,9.5,https://www.kkr.in/static-assets/images/players/11229.png?v=111.31,t20blast2023_127,2,2,0,100,0,0,0,0,0,4,31,1,7.75,31,24,0,2,2,41.7,140,7,5,1,23,4,5,8,4,6,1,1,22,24,4,4
Ramandeep Singh,AR,KKR,6,https://bcciplayerimages.s3.ap-south-1.amazonaws.com/ipl/IPLHeadshot2024/991.png,smat2023_130,22,13,0,169.2,0,0,1,1,15.4,0,0,0,0,0,0,0,0,0,0,150,9,6,1,7,1,1,16,2,9,0,1,3,11,0,1
Rahmanullah Gurbaz,WK,KKR,8,https://www.kkr.in/static-assets/images/players/68027.png?v=111.24,scl2020_19,4,3,1,133.3,0,0,1,0,66.7,0,0,0,0,0,0,0,0,0,0,160,24,15,0,0,0,19,28,13,17,0,0,0,0,0,0
PD Salt,WK,KKR,7.5,https://bcciplayerimages.s3.ap-south-1.amazonaws.com/ipl/IPLHeadshot2024/1220.png,t20blast2023_127,13,11,1,118.2,0,0,2,0,36.4,0,0,0,0,0,0,0,0,0,0,135.7142857,19,14,0,0,0,16,23,12,16,0,0,0,0,0,0
KS Bharat,WK,KKR,6,https://bcciplayerimages.s3.ap-south-1.amazonaws.com/ipl/IPLHeadshot2024/365.png,smat2023_088,1,2,1,50,0,0,0,0,50,0,0,0,0,0,0,0,0,0,0,0,0,1,0,0,0,0,0,1,1,0,0,0,0,0,0
AS Roy,AR,KKR,5.5,https://bcciplayerimages.s3.ap-south-1.amazonaws.com/ipl/IPLHeadshot2024/160.png,smat2021_2_087,16,7,0,228.6,0,0,1,1,14.3,4,24,0,6,0,0,0,1,1,41.7,100,1,1,1,4,1,1,9,1,5,0,2,-1,10,0,1
D Padikkal,Batsman,LSG,8,https://www.lucknowsupergiants.in/static-assets/images/players/67589.png?v=9.4,smat2023_099,1,2,1,50,0,0,0,0,50,0,0,0,0,0,0,0,0,0,0,120,30,25,0,0,0,24,37,21,29,0,0,0,0,0,0
KR Mayers,Batsman,LSG,7.5,https://bcciplayerimages.s3.ap-south-1.amazonaws.com/ipl/IPLHeadshot2024/726.png,t20blast2021_122,14,12,0,116.7,0,0,2,0,33.3,0,0,0,0,0,0,0,0,0,0,140,28,20,1,5,1,22,33,16,23,0,0,2,8,1,1
DJ Hooda,Batsman,LSG,7.5,https://www.lucknowsupergiants.in/static-assets/images/players/63748.png?v=9.4,smat2021_2_049,69,35,0,197.1,1,0,5,5,20,0,0,0,0,0,0,0,0,0,0,134.7826087,31,23,1,3,0,26,36,20,26,0,0,1,6,0,0
AJ Turner,Batsman,LSG,7,https://bcciplayerimages.s3.ap-south-1.amazonaws.com/ipl/IPLHeadshot2024/86.png,t20blast2023_119,6,11,1,54.5,0,0,0,0,45.5,4,20,3,5,6.7,8,0,2,0,45.8,141.6666667,17,12,1,5,0,13,20,10,14,0,1,4,6,0,0
A Badoni,Batsman,LSG,6.5,https://www.lucknowsupergiants.in/static-assets/images/players/69656.png?v=9.4,smat2023_133,80,57,0,140.4,1,0,7,4,35.1,1,9,0,9,0,0,0,0,1,33.3,137.5,22,16,0,0,0,14,29,11,21,0,0,-1,2,1,0
Ravi Bishnoi,Bowler,LSG,8,https://www.lucknowsupergiants.in/static-assets/images/players/71288.png?v=9.4,smat2023_127,0,0,0,0,0,0,0,0,0,4,29,2,7.25,14.5,12,0,3,0,37.5,0,0,1,1,30,4,1,1,0,1,1,1,28,32,4,4
Naveen-ul-Haq,Bowler,LSG,7.5,https://bcciplayerimages.s3.ap-south-1.amazonaws.com/ipl/IPLHeadshot2024/639.png,t20blast2023_076,0,0,0,0,0,0,0,0,0,2,15,0,7.5,0,0,0,2,0,25,100,2,2,1,23,3,1,3,1,3,1,1,21,25,3,3
S Joseph,Bowler,LSG,7,https://bcciplayerimages.s3.ap-south-1.amazonaws.com/ipl/IPLHeadshot2024/3105.png,smat2023_132,0,0,0,0,0,0,0,0,0,3,17,2,5.67,8.5,9,0,0,1,38.9,0,0,0,0,0,0,0,0,1,1,-1,1,-11,11,1,2
Shivam Mavi,Bowler,LSG,7,https://www.lucknowsupergiants.in/static-assets/images/players/66984.png?v=9.4,smat2022_113,0,0,0,0,0,0,0,0,0,2,18,0,9,0,0,0,2,1,58.3,0,0,0,1,24,3,1,2,1,2,1,1,20,27,2,3
A Mishra,Bowler,LSG,7,https://bcciplayerimages.s3.ap-south-1.amazonaws.com/ipl/IPLHeadshot2024/107.png,smat2023_032,0,0,0,0,0,0,0,0,0,3,27,2,9,13.5,9,0,5,0,38.9,50,1,2,1,21,2,0,3,1,4,0,0,18,23,2,2
Mohsin Khan,Bowler,LSG,6.5,https://www.lucknowsupergiants.in/static-assets/images/players/68182.png?v=9.4,smat2023_130,0,0,0,0,0,0,0,0,0,4,34,3,8.5,11.3,8,0,3,1,37.5,200,2,1,1,8,2,1,4,1,3,1,1,2,14,1,3
Yash Thakur,Bowler,LSG,6.5,https://www.lucknowsupergiants.in/static-assets/images/players/66819.png?v=9.4,smat2022_135,0,0,0,0,0,0,0,0,0,3,25,0,8.33,0,0,0,4,1,55.6,0,0,0,1,35,4,1,1,1,2,0,1,29,40,3,4
Arshad Khan,Bowler,LSG,6,https://bcciplayerimages.s3.ap-south-1.amazonaws.com/ipl/IPLHeadshot2024/988.png,smat2023_054,4,11,1,36.4,0,0,0,0,63.6,2,15,0,7.5,0,0,0,2,0,41.7,136.3636364,15,11,2,35,3,10,20,7,15,1,4,21,48,2,3
M Siddharth,Bowler,LSG,5.5,https://bcciplayerimages.s3.ap-south-1.amazonaws.com/ipl/IPLHeadshot2024/532.png,tnpl2023_32,0,0,0,0,0,0,0,0,0,2,13,1,6.5,13,12,0,1,1,58.3,100,2,2,1,12,3,1,3,1,3,1,1,9,14,3,4
MP Yadav,Bowler,LSG,5,https://bcciplayerimages.s3.ap-south-1.amazonaws.com/ipl/IPLHeadshot2024/987.png,tnpl2023_29,1,1,0,100,0,0,0,0,0,0,0,0,0,0,0,0,0,0,0,0,0,0,0,0,0,1,4,1,4,0,0,0,0,0,0
KH Pandya,AR,LSG,8,https://www.lucknowsupergiants.in/static-assets/images/players/63788.png?v=9.4,smat2023_135,45,32,1,140.6,0,0,3,1,18.8,4,30,1,7.5,30,24,0,3,0,29.2,150,15,10,1,16,2,12,18,8,12,0,1,14,18,2,2
MP Stoinis,AR,LSG,8,https://www.lucknowsupergiants.in/static-assets/images/players/4311.png?v=9.4,t20blast2018_127,0,3,1,0,0,0,0,0,100,3,18,0,6,0,0,0,1,0,44.4,171.4285714,36,21,1,22,3,31,40,18,23,0,1,20,24,2,3
DJ Willey,AR,LSG,7,https://www.iplt20.com/assets/images/default-headshot.png,t20blast2023_121,10,11,1,90.9,0,0,1,0,36.4,3,23,1,7.67,23,18,0,1,1,55.6,110,11,10,1,27,3,7,15,7,12,1,1,25,28,3,3
K Gowtham Thamarai,AR,LSG,6.5,https://bcciplayerimages.s3.ap-south-1.amazonaws.com/ipl/IPLHeadshot2024/179.png,tnpl2023_32,0,0,0,0,0,0,0,0,0,3,38,1,12.67,38,18,0,3,3,38.9,0,0,0,1,11,1,1,1,1,1,-1,0,7,14,0,1
PN Mankad,AR,LSG,6,https://bcciplayerimages.s3.ap-south-1.amazonaws.com/ipl/IPLHeadshot2024/998.png,smat2022_133,61,25,1,244,1,0,7,3,12,0,0,0,0,0,0,0,0,0,0,200,12,6,1,3,0,1,27,1,14,-1,1,-7,12,1,1
KL Rahul,WK,LSG,9,https://www.lucknowsupergiants.in/static-assets/images/players/60122.png?v=9.44,ipl2024_04,58,44,1,131.8,1,0,4,2,27.3,0,0,0,0,0,0,0,0,0,0,117.2413793,34,29,0,0,0,27,41,25,33,0,0,0,0,0,0
N Pooran,WK,LSG,8.5,https://www.lucknowsupergiants.in/static-assets/images/players/63726.png?v=9.4,t20blast2019_023,43,31,1,138.7,0,0,3,3,38.7,0,0,0,0,0,0,0,0,0,0,141.1764706,24,17,0,0,0,21,28,15,19,0,0,0,0,0,0
Q de Kock,WK,LSG,8.5,https://www.lucknowsupergiants.in/static-assets/images/players/28035.png?v=9.4,t100m2022_31,8,6,1,133.3,0,0,2,0,66.7,0,0,0,0,0,0,0,0,0,0,152.3809524,32,21,0,0,0,26,37,18,24,0,0,0,0,0,0
SA Yadav,Batsman,MI,9,https://www.mumbaiindians.com/static-assets/images/players/large/11803.png?v=4.11&w=200,smat2021_095,22,15,1,146.7,0,0,3,0,26.7,0,0,0,0,0,0,0,0,0,0,133.3333333,20,15,0,0,0,16,25,12,18,0,0,0,0,0,0
RG Sharma,Batsman,MI,9,https://www.mumbaiindians.com/static-assets/images/players/large/3852.png?v=4.11&w=200,ipl2024_08,26,12,1,216.7,0,0,1,3,41.7,0,0,0,0,0,0,0,0,0,0,136.8421053,26,19,0,0,0,22,30,17,22,0,0,0,0,0,0
NT Tilak Varma,Batsman,MI,8,https://www.mumbaiindians.com/static-assets/images/players/large/70761.png?v=4.11&w=200,smat2023_069,40,24,0,166.7,0,0,2,3,29.2,0,0,0,0,0,0,0,0,0,0,130,26,20,1,2,0,18,34,16,24,0,0,0,4,0,0
TH David,Batsman,MI,7.5,https://www.mumbaiindians.com/static-assets/images/players/large/67402.png?v=4.11&w=200,t20blast2022_133,8,11,1,72.7,0,0,0,0,45.5,0,0,0,0,0,0,0,0,0,0,172.7272727,19,11,1,2,0,16,22,10,13,0,0,1,3,0,0
D Brevis,Batsman,MI,6,https://bcciplayerimages.s3.ap-south-1.amazonaws.com/ipl/IPLHeadshot2024/797.png,sat20_2024_28,9,10,1,90,0,0,1,0,40,0,0,0,0,0,0,0,0,0,0,170,17,10,1,1,0,11,23,7,14,0,0,0,2,0,0
JJ Bumrah,Bowler,MI,9,https://www.mumbaiindians.com/static-assets/images/players/large/63755.png?v=4.11&w=2000,ipl2024_08,0,0,0,0,0,0,0,0,0,4,36,0,9,0,0,0,2,1,20.8,0,0,0,2,22,3,0,1,0,1,1,2,20,24,3,4
G Coetzee,Bowler,MI,8,https://www.mumbaiindians.com/static-assets/images/players/large/67443.png?v=4.11&w=200,sat20_2023_32,12,17,1,70.6,0,0,0,1,64.7,4,41,0,10.25,0,0,0,2,2,37.5,0,0,1,1,15,2,0,0,1,3,0,1,10,21,1,2
PP Chawla,Bowler,MI,8,https://www.mumbaiindians.com/static-assets/images/players/large/3729.png?v=4.11&w=200,smat2023_127,13,8,0,162.5,0,0,2,0,12.5,4,19,0,4.75,0,0,0,1,0,37.5,100,2,2,1,20,3,0,3,2,3,0,1,18,22,2,3
N Thushara,Bowler,MI,7.5,https://bcciplayerimages.s3.ap-south-1.amazonaws.com/ipl/IPLHeadshot2024/813.png,sat20_2024_28,0,1,1,0,0,0,0,0,100,3.4,40,1,10.91,40,22,0,6,0,40.9,0,0,2,1,6,2,1,1,1,2,1,1,2,10,1,2
L Wood,Bowler,MI,6,https://bcciplayerimages.s3.ap-south-1.amazonaws.com/ipl/IPLHeadshot2024/3116.png,t20blast2023_127,0,0,0,0,0,0,0,0,0,4,37,1,9.25,37,24,0,3,1,50,100,2,2,1,26,3,1,3,1,3,1,1,24,27,3,3
HH Pandya,AR,MI,9,https://www.mumbaiindians.com/static-assets/images/players/large/63751.png?v=4.11&w=200,ipl2024_08,24,20,1,120,0,0,1,1,25,4,46,1,11.5,46,24,0,5,2,20.8,138.4615385,18,13,1,14,2,15,22,11,16,0,1,11,17,2,2
Mohammad Nabi,AR,MI,7.5,https://www.mumbaiindians.com/static-assets/images/players/large/7797.png?v=4.11&w=200,t20blast2021_122,8,7,1,114.3,0,0,1,0,28.6,4,23,2,5.75,11.5,12,0,2,0,41.7,136.3636364,15,11,1,22,3,13,16,10,12,1,1,21,24,3,3
R Shepherd,AR,MI,7,https://bcciplayerimages.s3.ap-south-1.amazonaws.com/ipl/IPLHeadshot2024/371.png,sat20_2024_17,0,0,0,0,0,0,0,0,0,2,15,0,7.5,0,0,0,1,1,75,140,7,5,2,27,3,4,10,3,6,2,2,24,30,3,3
Ishan Kishan,WK,MI,8.5,https://www.mumbaiindians.com/static-assets/images/players/large/64712.png?v=4.11&w=200,smat2021_081,27,19,1,142.1,0,0,3,1,36.8,0,0,0,0,0,0,0,0,0,0,133.3333333,24,18,0,0,0,20,29,16,21,0,0,0,0,0,0
N Wadhera,Batsman,MI,7.5,https://bcciplayerimages.s3.ap-south-1.amazonaws.com/ipl/IPLHeadshot2024/1541.png,smat2023_135,61,27,0,225.9,1,0,6,4,18.5,0,0,0,0,0,0,0,0,0,0,107.1428571,15,14,0,0,0,2,27,6,21,0,0,0,0,0,0
Naman Dhir,Batsman,MI,5,https://bcciplayerimages.s3.ap-south-1.amazonaws.com/ipl/IPLHeadshot2024/3107.png,smat2023_133,1,2,1,50,0,0,0,0,50,0,0,0,0,0,0,0,0,0,0,0,0,1,0,0,0,0,0,1,4,-1,1,-7,7,0,0
A Madhwal,Bowler,MI,7,https://bcciplayerimages.s3.ap-south-1.amazonaws.com/ipl/IPLHeadshot2024/1045.png,smat2023_133,1,2,1,50,0,0,0,0,50,0,0,0,0,0,0,0,0,0,0,0,0,1,0,0,0,0,0,1,4,0,0,0,0,0,0
S Gopal,Bowler,MI,6.5,https://bcciplayerimages.s3.ap-south-1.amazonaws.com/ipl/IPLHeadshot2024/192.png,smat2023_132,0,2,1,0,0,0,0,0,100,3,30,0,10,0,0,0,3,1,22.2,133.3333333,4,3,1,24,3,2,6,1,6,1,2,21,27,3,3
K Kartikeya,Bowler,MI,6,https://bcciplayerimages.s3.ap-south-1.amazonaws.com/ipl/IPLHeadshot2024/1015.png,smat2023_108,0,0,0,0,0,0,0,0,0,4,34,3,8.5,11.3,8,0,1,3,41.7,100,1,1,1,10,3,1,1,1,2,0,1,5,15,2,3
AS Tendulkar,Bowler,MI,5.5,https://bcciplayerimages.s3.ap-south-1.amazonaws.com/ipl/IPLHeadshot2024/585.png,smat2023_068,0,0,0,0,0,0,0,0,0,4,17,0,4.25,0,0,0,0,1,83.3,150,3,2,1,10,1,1,7,1,5,0,1,-4,24,0,2
A Kamboj,Bowler,MI,5,https://bcciplayerimages.s3.ap-south-1.amazonaws.com/ipl/IPLHeadshot2024/3106.png,smat2023_076,0,0,0,0,0,0,0,0,0,2,8,1,4,8,12,0,1,0,100,100,1,1,1,23,2,0,2,0,2,0,2,17,30,2,2
SZ Mulani,AR,MI,6,https://bcciplayerimages.s3.ap-south-1.amazonaws.com/ipl/IPLHeadshot2024/600.png,smat2023_058,17,8,1,212.5,0,0,2,1,25,4,18,3,4.5,6,8,0,0,1,45.8,14.28571429,1,7,1,18,3,1,6,5,10,0,1,11,25,2,4
Vishnu Vinod,WK,MI,6,https://bcciplayerimages.s3.ap-south-1.amazonaws.com/ipl/IPLHeadshot2024/581.png,smat2023_132,17,12,1,141.7,0,0,2,0,25,0,0,0,0,0,0,0,0,0,0,0,0,0,0,0,0,1,15,1,6,0,0,0,0,0,0